Id,Items,Count,Type
DR1001,"[{""id"":""CR0101"",""count"":1,""type"":1,""rate"":1000}]",[],0
DR1002,"[{""id"":""CR0102"",""count"":1,""type"":1,""rate"":1000}]",[],0
DR1003,"[{""id"":""CR0103"",""count"":1,""type"":1,""rate"":1000}]",[],0
DR1004,"[{""id"":""CR0104"",""count"":1,""type"":1,""rate"":1000}]",[],0
DR1005,"[{""id"":""CR0105"",""count"":1,""type"":1,""rate"":1001}]",[],0
DR1006,"[{""id"":""CR0106"",""count"":1,""type"":1,""rate"":1002}]",[],0
DR1007,"[{""id"":""CR0107"",""count"":1,""type"":1,""rate"":1003}]",[],0
DR1008,"[{""id"":""CR0108"",""count"":1,""type"":1,""rate"":1004}]",[],0
DR1009,"[{""id"":""CR0109"",""count"":1,""type"":1,""rate"":1005}]",[],0
DR1010,"[{""id"":""CR0110"",""count"":1,""type"":1,""rate"":1006}]",[],0
DR1011,"[{""id"":""CR0111"",""count"":1,""type"":1,""rate"":1007}]",[],0
DR1012,"[{""id"":""CR0112"",""count"":1,""type"":1,""rate"":1008}]",[],0
DR1013,"[{""id"":""CR0113"",""count"":1,""type"":1,""rate"":1009}]",[],0
DR1014,"[{""id"":""CR0114"",""count"":1,""type"":1,""rate"":1010}]",[],0
DR1015,"[{""id"":""CR0115"",""count"":1,""type"":1,""rate"":1011}]",[],0
DR1016,"[{""id"":""CR0116"",""count"":1,""type"":1,""rate"":1012}]",[],0
DR1017,"[{""id"":""CR0117"",""count"":1,""type"":1,""rate"":1013}]",[],0
DR1018,"[{""id"":""CR0118"",""count"":1,""type"":1,""rate"":1014}]",[],0
DR1019,"[{""id"":""CR0119"",""count"":1,""type"":1,""rate"":1015}]",[],0
DR1020,"[{""id"":""CR0120"",""count"":1,""type"":1,""rate"":1016}]",[],0
DR1021,"[{""id"":""CR0121"",""count"":1,""type"":1,""rate"":1017}]",[],0
DR1022,"[{""id"":""CR0122"",""count"":1,""type"":1,""rate"":1018}]",[],0
DR1023,"[{""id"":""CR0123"",""count"":1,""type"":1,""rate"":1019}]",[],0
DR1024,"[{""id"":""CR0124"",""count"":1,""type"":1,""rate"":1020}]",[],0
DR1025,"[{""id"":""CR0125"",""count"":1,""type"":1,""rate"":1021}]",[],0
DR1026,"[{""id"":""CR0126"",""count"":1,""type"":1,""rate"":1022}]",[],0
DR1027,"[{""id"":""CR0127"",""count"":1,""type"":1,""rate"":1023}]",[],0
DR1028,"[{""id"":""CR0128"",""count"":1,""type"":1,""rate"":1024}]",[],0
DR1029,"[{""id"":""CR0129"",""count"":1,""type"":1,""rate"":1025}]",[],0
DR1030,"[{""id"":""CR0130"",""count"":1,""type"":1,""rate"":1026}]",[],0
DR1031,"[{""id"":""CR0131"",""count"":1,""type"":1,""rate"":1027}]",[],0
DR1032,"[{""id"":""CR0132"",""count"":1,""type"":1,""rate"":1028}]",[],0
DR1033,"[{""id"":""CR0133"",""count"":1,""type"":1,""rate"":1029}]",[],0
DR1034,"[{""id"":""CR0134"",""count"":1,""type"":1,""rate"":1030}]",[],0
DR1035,"[{""id"":""CR0135"",""count"":1,""type"":1,""rate"":1031}]",[],0
DR1036,"[{""id"":""CR0136"",""count"":1,""type"":1,""rate"":1032}]",[],0
DR2001,"[{""id"":""LK0101"",""count"":1,""type"":1,""rate"":1007}]",[],0
DR2002,"[{""id"":""LK0102"",""count"":1,""type"":1,""rate"":1008}]",[],0
DR2003,"[{""id"":""LK0103"",""count"":1,""type"":1,""rate"":1009}]",[],0
DR2004,"[{""id"":""LK0104"",""count"":1,""type"":1,""rate"":1000}]",[],0
DR2005,"[{""id"":""LK0105"",""count"":1,""type"":1,""rate"":1001}]",[],0
DR2006,"[{""id"":""LK0106"",""count"":1,""type"":1,""rate"":1002}]",[],0
DR2007,"[{""id"":""LK0107"",""count"":1,""type"":1,""rate"":1003}]",[],0
DR2008,"[{""id"":""LK0108"",""count"":1,""type"":1,""rate"":1004}]",[],0
DR2009,"[{""id"":""LK0109"",""count"":1,""type"":1,""rate"":1005}]",[],0
DR2010,"[{""id"":""LK0110"",""count"":1,""type"":1,""rate"":1006}]",[],0
DR2011,"[{""id"":""LK0111"",""count"":1,""type"":1,""rate"":1007}]",[],0
DR2012,"[{""id"":""LK0112"",""count"":1,""type"":1,""rate"":1008}]",[],0
DR2013,"[{""id"":""LK0113"",""count"":1,""type"":1,""rate"":1009}]",[],0
DR2014,"[{""id"":""LK0114"",""count"":1,""type"":1,""rate"":1010}]",[],0
DR2015,"[{""id"":""LK0115"",""count"":1,""type"":1,""rate"":1011}]",[],0
DR2016,"[{""id"":""LK0116"",""count"":1,""type"":1,""rate"":1012}]",[],0
DR2017,"[{""id"":""LK0117"",""count"":1,""type"":1,""rate"":1013}]",[],0
DR2018,"[{""id"":""LK0118"",""count"":1,""type"":1,""rate"":1014}]",[],0
DR2019,"[{""id"":""LK0119"",""count"":1,""type"":1,""rate"":1015}]",[],0
DR2020,"[{""id"":""LK0120"",""count"":1,""type"":1,""rate"":1016}]",[],0
DR2021,"[{""id"":""LK0121"",""count"":1,""type"":1,""rate"":1017}]",[],0
DR2022,"[{""id"":""LK0122"",""count"":1,""type"":1,""rate"":1018}]",[],0
DR2023,"[{""id"":""LK0123"",""count"":1,""type"":1,""rate"":1019}]",[],0
DR2024,"[{""id"":""LK0124"",""count"":1,""type"":1,""rate"":1020}]",[],0
DR2025,"[{""id"":""LK0125"",""count"":1,""type"":1,""rate"":1021}]",[],0
DR2026,"[{""id"":""LK0126"",""count"":1,""type"":1,""rate"":1022}]",[],0
DR2027,"[{""id"":""LK0127"",""count"":1,""type"":1,""rate"":1023}]",[],0
DR2028,"[{""id"":""LK0128"",""count"":1,""type"":1,""rate"":1024}]",[],0
DR2029,"[{""id"":""LK0129"",""count"":1,""type"":1,""rate"":1025}]",[],0
DR2030,"[{""id"":""LK0130"",""count"":1,""type"":1,""rate"":1026}]",[],0
DR2031,"[{""id"":""LK0131"",""count"":1,""type"":1,""rate"":1027}]",[],0
DR2032,"[{""id"":""LK0132"",""count"":1,""type"":1,""rate"":1028}]",[],0
DR2033,"[{""id"":""LK0133"",""count"":1,""type"":1,""rate"":1029}]",[],0
DR2034,"[{""id"":""LK0134"",""count"":1,""type"":1,""rate"":1030}]",[],0
DR2035,"[{""id"":""LK0135"",""count"":1,""type"":1,""rate"":1031}]",[],0
DR2036,"[{""id"":""LK0136"",""count"":1,""type"":1,""rate"":1032}]",[],0
DR3001,"[{""id"":""IT0003"",""count"":10,""type"":1,""rate"":10},{""id"":""IT0009"",""count"":1,""type"":1,""rate"":20},{""id"":""IT0101"",""count"":1,""type"":1,""rate"":30},{""id"":""IT0202"",""count"":1,""type"":1,""rate"":40},{""id"":""IT0203"",""count"":1,""type"":1,""rate"":50},{""id"":""IT0204"",""count"":1,""type"":1,""rate"":60},{""id"":""IT0205"",""count"":1,""type"":1,""rate"":70},{""id"":""IT0207"",""count"":1,""type"":1,""rate"":80}]",[],0
WI0001,"[{""id"":""AV250003"",""package"":""avatar"",""count"":10,""type"":1,""rate"":10},{""id"":""AV250003"",""package"":""avatar"",""count"":10,""type"":1,""rate"":10},{""id"":""AV250003"",""package"":""avatar"",""count"":10,""type"":1,""rate"":10},{""id"":""AV250003"",""package"":""avatar"",""count"":10,""type"":1,""rate"":10},{""id"":""AV250003"",""package"":""avatar"",""count"":10,""type"":1,""rate"":10},{""id"":""AV250003"",""package"":""avatar"",""count"":10,""type"":1,""rate"":10},{""id"":""AV250003"",""package"":""avatar"",""count"":10,""type"":1,""rate"":10},{""id"":""AV250003"",""package"":""avatar"",""count"":10,""type"":1,""rate"":10},{""id"":""AV250003"",""package"":""avatar"",""count"":10,""type"":1,""rate"":10},{""id"":""AV250003"",""package"":""avatar"",""count"":10,""type"":1,""rate"":10}]",[],0
WI0002,"[{""id"":""AV010001"",""package"":""avatar"",""count"":10,""type"":1,""rate"":10}]",[],0
WI0003,"[{""id"":""AV020001"",""package"":""avatar"",""count"":10,""type"":1,""rate"":10}]",[],0
WI0004,"[{""id"":""AV020001"",""package"":""avatar"",""count"":10,""type"":1,""rate"":10}]",[],0
SCP1101,"[{""id"":""CT0001"",""count"":1,""rate"":20},{""id"":""CT0002"",""count"":1,""rate"":20},{""id"":""CT0003"",""count"":1,""rate"":20},{""id"":""CT0004"",""count"":1,""rate"":20},{""id"":""CT0005"",""count"":1,""rate"":20}]","[{""id"":"""",""count"":3,""rate"":10},{""id"":"""",""count"":2,""type"":1,""rate"":40},{""id"":"""",""count"":1,""rate"":50}]",1
SCP1102,"[{""id"":""CT0006"",""count"":1,""rate"":20},{""id"":""CT0007"",""count"":1,""rate"":20},{""id"":""CT0008"",""count"":1,""rate"":20},{""id"":""CT0009"",""count"":1,""rate"":20},{""id"":""CT0010"",""count"":1,""rate"":20}]","[{""id"":"""",""count"":3,""rate"":10},{""id"":"""",""count"":2,""type"":1,""rate"":40},{""id"":"""",""count"":1,""rate"":50}]",1
SCP1103,"[{""id"":""CT0011"",""count"":1,""rate"":20},{""id"":""CT0012"",""count"":1,""rate"":20},{""id"":""CT0013"",""count"":1,""rate"":20},{""id"":""CT0014"",""count"":1,""rate"":20},{""id"":""CT0015"",""count"":1,""rate"":20}]","[{""id"":"""",""count"":3,""rate"":10},{""id"":"""",""count"":2,""type"":1,""rate"":40},{""id"":"""",""count"":1,""rate"":50}]",1
SCP1137,"[{""id"":""CT0001"",""count"":1,""rate"":20},{""id"":""CT0002"",""count"":1,""rate"":20},{""id"":""CT0003"",""count"":1,""rate"":20},{""id"":""CT0004"",""count"":1,""rate"":20},{""id"":""CT0005"",""count"":1,""rate"":20}]","[{""id"":"""",""count"":3,""rate"":40},{""id"":"""",""count"":2,""type"":1,""rate"":40},{""id"":"""",""count"":1,""rate"":20}]",1
SCP1138,"[{""id"":""CT0006"",""count"":1,""rate"":20},{""id"":""CT0007"",""count"":1,""rate"":20},{""id"":""CT0008"",""count"":1,""rate"":20},{""id"":""CT0009"",""count"":1,""rate"":20},{""id"":""CT0010"",""count"":1,""rate"":20}]","[{""id"":"""",""count"":3,""rate"":40},{""id"":"""",""count"":2,""type"":1,""rate"":40},{""id"":"""",""count"":1,""rate"":20}]",1
SCP1139,"[{""id"":""CT0011"",""count"":1,""rate"":20},{""id"":""CT0012"",""count"":1,""rate"":20},{""id"":""CT0013"",""count"":1,""rate"":20},{""id"":""CT0014"",""count"":1,""rate"":20},{""id"":""CT0015"",""count"":1,""rate"":20}]","[{""id"":"""",""count"":3,""rate"":40},{""id"":"""",""count"":2,""type"":1,""rate"":40},{""id"":"""",""count"":1,""rate"":20}]",1
DRBL01,"[{""id"":""IT0003"",""count"":1,""rate"":20},{""id"":""IT0003"",""count"":2,""rate"":20},{""id"":""IT0003"",""count"":3,""rate"":20}]",[],0
DRBL02,"[{""id"":""IT0009"",""count"":1,""rate"":20},{""id"":""IT0009"",""count"":2,""rate"":20},{""id"":""IT0009"",""count"":3,""rate"":20}]",[],0
DRBL03,"[{""id"":""IT0101"",""count"":1,""rate"":20},{""id"":""IT0101"",""count"":2,""rate"":20},{""id"":""IT0101"",""count"":3,""rate"":20}]",[],0
PR0001,"[{""id"":""AV020001"",""package"":""avatar"",""count"":1,""type"":1,""rate"":1000}]",[],0
PR0002,"[{""id"":""CR0101"",""package"":""item"",""count"":1,""type"":1,""rate"":1000}]",[],0
PR0003,"[{""id"":""AV050001"",""package"":""avatar"",""count"":1,""type"":1,""rate"":1000}]",[],0
PR0004,"[{""id"":""AV060001"",""package"":""avatar"",""count"":1,""type"":1,""rate"":1000}]",[],0
PR0005,"[{""id"":""AV100001"",""package"":""avatar"",""count"":1,""type"":1,""rate"":1000}]",[],0
PR0006,"[{""id"":""AV240001"",""package"":""avatar"",""count"":1,""type"":1,""rate"":1000}]",[],0
PR0007,"[{""id"":""AV250002"",""package"":""avatar"",""count"":1,""type"":1,""rate"":1000}]",[],0
PR0008,"[{""id"":""AV030001"",""package"":""avatar"",""count"":1,""type"":1,""rate"":1000}]",[],0
PR0009,"[{""id"":""AV050002"",""package"":""avatar"",""count"":1,""type"":1,""rate"":1000}]",[],0
PR0010,"[{""id"":""AV060002"",""package"":""avatar"",""count"":1,""type"":1,""rate"":1000}]",[],0
PR0011,"[{""id"":""AV100002"",""package"":""avatar"",""count"":1,""type"":1,""rate"":1000}]",[],0
PR0012,"[{""id"":""AV170001"",""package"":""avatar"",""count"":1,""type"":1,""rate"":1000}]",[],0
PR0013,"[{""id"":""AV210001"",""package"":""avatar"",""count"":1,""type"":1,""rate"":1000}]",[],0
NR00101,"[{""id"":""IT0305"",""package"":""item"", ""count"": 1, ""rate"": 2},{""id"":""AV250001"",""package"":""avatar"", ""count"": 1, ""rate"": 0},{""id"":""AV010010"",""package"":""avatar"", ""count"": 1, ""rate"": 0},{""id"":""AV040004"",""package"":""avatar"", ""count"": 1, ""rate"": 0},{""id"":""AV280005"",""package"":""avatar"", ""count"": 1, ""rate"": 72}]",[],0
NR00102,"[{""id"":""IT0305"",""package"":""item"", ""count"": 1, ""rate"": 55},{""id"":""AV250001"",""package"":""avatar"", ""count"": 1, ""rate"": 45},{""id"":""AV010010"",""package"":""avatar"", ""count"": 1, ""rate"": 0},{""id"":""AV040004"",""package"":""avatar"", ""count"": 1, ""rate"": 0},{""id"":""AV280005"",""package"":""avatar"", ""count"": 1, ""rate"": 0}]",[],0
NR00103,"[{""id"":""IT0305"",""package"":""item"", ""count"": 1, ""rate"": 42},{""id"":""AV250001"",""package"":""avatar"", ""count"": 1, ""rate"": 35},{""id"":""AV010010"",""package"":""avatar"", ""count"": 1, ""rate"": 23},{""id"":""AV040004"",""package"":""avatar"", ""count"": 1, ""rate"": 0},{""id"":""AV280005"",""package"":""avatar"", ""count"": 1, ""rate"": 0}]",[],0
NR00104,"[{""id"":""IT0305"",""package"":""item"", ""count"": 1, ""rate"": 34},{""id"":""AV250001"",""package"":""avatar"", ""count"": 1, ""rate"": 30},{""id"":""AV010010"",""package"":""avatar"", ""count"": 1, ""rate"": 20},{""id"":""AV040004"",""package"":""avatar"", ""count"": 1, ""rate"": 16},{""id"":""AV280005"",""package"":""avatar"", ""count"": 1, ""rate"": 0}]",[],0
NR00105,"[{""id"":""IT0305"",""package"":""item"", ""count"": 1, ""rate"": 338},{""id"":""AV250001"",""package"":""avatar"", ""count"": 1, ""rate"": 270},{""id"":""AV010010"",""package"":""avatar"", ""count"": 1, ""rate"": 180},{""id"":""AV040004"",""package"":""avatar"", ""count"": 1, ""rate"": 140},{""id"":""AV280005"",""package"":""avatar"", ""count"": 1, ""rate"": 72}]",[],0
NR00201,"[{""id"":""IT0316"",""package"":""item"",""count"":1, ""rate"": 2},{""id"":""AV020015"",""package"":""avatar"", ""count"": 1, ""rate"": 0},{""id"":""IT0330"",""package"":""item"",  ""count"": 1, ""rate"": 0},{""id"":""AV100009"",""package"":""avatar"", ""count"": 1, ""rate"": 0},{""id"":""AV020001"",""package"":""avatar"", ""count"": 1, ""rate"": 0}]",[],0
NR00202,"[{""id"":""IT0316"",""package"":""item"",""count"":1, ""rate"": 55},{""id"":""AV020015"",""package"":""avatar"", ""count"": 1, ""rate"": 45},{""id"":""IT0330"",""package"":""item"",  ""count"": 1, ""rate"": 0},{""id"":""AV100009"",""package"":""avatar"", ""count"": 1, ""rate"": 0},{""id"":""AV020001"",""package"":""avatar"", ""count"": 1, ""rate"": 0}]",[],0
NR00203,"[{""id"":""IT0316"",""package"":""item"",""count"":1, ""rate"": 42},{""id"":""AV020015"",""package"":""avatar"", ""count"": 1, ""rate"": 35},{""id"":""IT0330"",""package"":""item"",  ""count"": 1, ""rate"": 23},{""id"":""AV100009"",""package"":""avatar"", ""count"": 1, ""rate"": 0},{""id"":""AV020001"",""package"":""avatar"", ""count"": 1, ""rate"": 0}]",[],0
NR00204,"[{""id"":""IT0316"",""package"":""item"",""count"":1, ""rate"": 34},{""id"":""AV020015"",""package"":""avatar"", ""count"": 1, ""rate"": 30},{""id"":""IT0330"",""package"":""item"",  ""count"": 1, ""rate"": 20},{""id"":""AV100009"",""package"":""avatar"", ""count"": 1, ""rate"": 16},{""id"":""AV020001"",""package"":""avatar"", ""count"": 1, ""rate"": 0}]",[],0
NR00205,"[{""id"":""IT0316"",""package"":""item"",""count"":1, ""rate"": 338},{""id"":""AV020015"",""package"":""avatar"", ""count"": 1, ""rate"": 270},{""id"":""IT0330"",""package"":""item"",  ""count"": 1, ""rate"": 180},{""id"":""AV100009"",""package"":""avatar"", ""count"": 1, ""rate"": 140},{""id"":""AV020001"",""package"":""avatar"", ""count"": 1, ""rate"": 72}]",[],0
NR00301,"[{""id"":""IT0301"",""package"":""item"",""count"":1, ""rate"": 2},{""id"":""AV250015"",""package"":""avatar"", ""count"": 1, ""rate"": 0},{""id"":""AV040003"",""package"":""avatar"", ""count"": 1, ""rate"": 0},{""id"":""AV280003"",""package"":""avatar"", ""count"": 1, ""rate"": 0},{""id"":""AV050003"",""package"":""avatar"", ""count"": 1, ""rate"": 0}]",[],0
NR00302,"[{""id"":""IT0301"",""package"":""item"",""count"":1, ""rate"": 55},{""id"":""AV250015"",""package"":""avatar"", ""count"": 1, ""rate"": 45},{""id"":""AV040003"",""package"":""avatar"", ""count"": 1, ""rate"": 0},{""id"":""AV280003"",""package"":""avatar"", ""count"": 1, ""rate"": 0},{""id"":""AV050003"",""package"":""avatar"", ""count"": 1, ""rate"": 0}]",[],0
NR00303,"[{""id"":""IT0301"",""package"":""item"",""count"":1, ""rate"": 42},{""id"":""AV250015"",""package"":""avatar"", ""count"": 1, ""rate"": 35},{""id"":""AV040003"",""package"":""avatar"", ""count"": 1, ""rate"": 23},{""id"":""AV280003"",""package"":""avatar"", ""count"": 1, ""rate"": 0},{""id"":""AV050003"",""package"":""avatar"", ""count"": 1, ""rate"": 0}]",[],0
NR00304,"[{""id"":""IT0301"",""package"":""item"",""count"":1, ""rate"": 34},{""id"":""AV250015"",""package"":""avatar"", ""count"": 1, ""rate"": 30},{""id"":""AV040003"",""package"":""avatar"", ""count"": 1, ""rate"": 20},{""id"":""AV280003"",""package"":""avatar"", ""count"": 1, ""rate"": 16},{""id"":""AV050003"",""package"":""avatar"", ""count"": 1, ""rate"": 0}]",[],0
NR00305,"[{""id"":""IT0301"",""package"":""item"",""count"":1, ""rate"": 338},{""id"":""AV250015"",""package"":""avatar"", ""count"": 1, ""rate"": 270},{""id"":""AV040003"",""package"":""avatar"", ""count"": 1, ""rate"": 180},{""id"":""AV280003"",""package"":""avatar"", ""count"": 1, ""rate"": 140},{""id"":""AV050003"",""package"":""avatar"", ""count"": 1, ""rate"": 72}]",[],0
NR00401,"[{""id"":""IT0319"",""package"":""item"",""count"":1, ""rate"": 2},{""id"":""AV240008"",""package"":""avatar"", ""count"": 1, ""rate"": 0},{""id"":""IT0327"",""package"":""item"", ""count"": 1, ""rate"": 0},{""id"":""AV150002"",""package"":""avatar"", ""count"": 1, ""rate"": 0},{""id"":""AV030001"",""package"":""avatar"", ""count"": 1, ""rate"": 0}]",[],0
NR00402,"[{""id"":""IT0319"",""package"":""item"",""count"":1, ""rate"": 55},{""id"":""AV240008"",""package"":""avatar"", ""count"": 1, ""rate"": 45},{""id"":""IT0327"",""package"":""item"", ""count"": 1, ""rate"": 0},{""id"":""AV150002"",""package"":""avatar"", ""count"": 1, ""rate"": 0},{""id"":""AV030001"",""package"":""avatar"", ""count"": 1, ""rate"": 0}]",[],0
NR00403,"[{""id"":""IT0319"",""package"":""item"",""count"":1, ""rate"": 42},{""id"":""AV240008"",""package"":""avatar"", ""count"": 1, ""rate"": 35},{""id"":""IT0327"",""package"":""item"", ""count"": 1, ""rate"": 23},{""id"":""AV150002"",""package"":""avatar"", ""count"": 1, ""rate"": 0},{""id"":""AV030001"",""package"":""avatar"", ""count"": 1, ""rate"": 0}]",[],0
NR00404,"[{""id"":""IT0319"",""package"":""item"",""count"":1, ""rate"": 34},{""id"":""AV240008"",""package"":""avatar"", ""count"": 1, ""rate"": 30},{""id"":""IT0327"",""package"":""item"", ""count"": 1, ""rate"": 20},{""id"":""AV150002"",""package"":""avatar"", ""count"": 1, ""rate"": 16},{""id"":""AV030001"",""package"":""avatar"", ""count"": 1, ""rate"": 0}]",[],0
NR00405,"[{""id"":""IT0319"",""package"":""item"",""count"":1, ""rate"": 338},{""id"":""AV240008"",""package"":""avatar"", ""count"": 1, ""rate"": 270},{""id"":""IT0327"",""package"":""item"", ""count"": 1, ""rate"": 180},{""id"":""AV150002"",""package"":""avatar"", ""count"": 1, ""rate"": 140},{""id"":""AV030001"",""package"":""avatar"", ""count"": 1, ""rate"": 72}]",[],0
NR01101,"[{""id"":""IT0317"",""package"":""item"",""count"":1, ""rate"": 2},{""id"":""AV180001"",""package"":""avatar"", ""count"": 1, ""rate"": 0},{""id"":""AV100010"",""package"":""avatar"", ""count"": 1, ""rate"": 0},{""id"":""AV280008"",""package"":""avatar"", ""count"": 1, ""rate"":0},{""id"":""AV080001"",""package"":""avatar"", ""count"": 1, ""rate"": 0}]",[],0
NR01102,"[{""id"":""IT0317"",""package"":""item"",""count"":1, ""rate"": 55},{""id"":""AV180001"",""package"":""avatar"", ""count"": 1, ""rate"": 45},{""id"":""AV100010"",""package"":""avatar"", ""count"": 1, ""rate"": 0},{""id"":""AV280008"",""package"":""avatar"", ""count"": 1, ""rate"": 0},{""id"":""AV080001"",""package"":""avatar"", ""count"": 1, ""rate"": 0}]",[],0
NR01103,"[{""id"":""IT0317"",""package"":""item"",""count"":1, ""rate"": 42},{""id"":""AV180001"",""package"":""avatar"", ""count"": 1, ""rate"": 35},{""id"":""AV100010"",""package"":""avatar"", ""count"": 1, ""rate"": 23},{""id"":""AV280008"",""package"":""avatar"", ""count"": 1, ""rate"": 0},{""id"":""AV080001"",""package"":""avatar"", ""count"": 1, ""rate"": 0}]",[],0
NR01104,"[{""id"":""IT0317"",""package"":""item"",""count"":1, ""rate"": 34},{""id"":""AV180001"",""package"":""avatar"", ""count"": 1, ""rate"": 30},{""id"":""AV100010"",""package"":""avatar"", ""count"": 1, ""rate"": 20},{""id"":""AV280008"",""package"":""avatar"", ""count"": 1, ""rate"": 16},{""id"":""AV080001"",""package"":""avatar"", ""count"": 1, ""rate"": 0}]",[],0
NR01105,"[{""id"":""IT0317"",""package"":""item"",""count"":1, ""rate"": 338},{""id"":""AV180001"",""package"":""avatar"", ""count"": 1, ""rate"": 270},{""id"":""AV100010"",""package"":""avatar"",""count"": 1, ""rate"": 180},{""id"":""AV280008"",""package"":""avatar"", ""count"": 1, ""rate"": 140},{""id"":""AV080001"",""package"":""avatar"", ""count"": 1, ""rate"": 72}]",[],0
NR01201,"[{""id"":""IT0303"",""package"":""item"",""count"":1, ""rate"": 2},{""id"":""IT0321"",""package"":""item"", ""count"": 1, ""rate"": 0},{""id"":""AV250002"",""package"":""avatar"", ""count"": 1, ""rate"": 0},{""id"":""AV040006"",""package"":""avatar"", ""count"": 1, ""rate"":0},{""id"":""AV080001"",""package"":""avatar"", ""count"": 1, ""rate"": 0}]",[],0
NR01202,"[{""id"":""IT0303"",""package"":""item"",""count"":1, ""rate"": 55},{""id"":""IT0321"",""package"":""item"", ""count"": 1, ""rate"": 45},{""id"":""AV250002"",""package"":""avatar"", ""count"": 1, ""rate"": 0},{""id"":""AV040006"",""package"":""avatar"", ""count"": 1, ""rate"": 0},{""id"":""AV080001"",""package"":""avatar"", ""count"": 1, ""rate"": 0}]",[],0
NR01203,"[{""id"":""IT0303"",""package"":""item"",""count"":1, ""rate"": 42},{""id"":""IT0321"",""package"":""item"", ""count"": 1, ""rate"": 35},{""id"":""AV250002"",""package"":""avatar"", ""count"": 1, ""rate"": 23},{""id"":""AV040006"",""package"":""avatar"", ""count"": 1, ""rate"": 0},{""id"":""AV080001"",""package"":""avatar"", ""count"": 1, ""rate"": 0}]",[],0
NR01204,"[{""id"":""IT0303"",""package"":""item"",""count"":1, ""rate"": 34},{""id"":""IT0321"",""package"":""item"", ""count"": 1, ""rate"": 30},{""id"":""AV250002"",""package"":""avatar"", ""count"": 1, ""rate"": 20},{""id"":""AV040006"",""package"":""avatar"", ""count"": 1, ""rate"": 16},{""id"":""AV080001"",""package"":""avatar"", ""count"": 1, ""rate"": 0}]",[],0
NR01205,"[{""id"":""IT0303"",""package"":""item"",""count"":1, ""rate"": 338},{""id"":""IT0321"",""package"":""item"", ""count"": 1, ""rate"": 270},{""id"":""AV250002"",""package"":""avatar"", ""count"": 1,""rate"": 180},{""id"":""AV040006"",""package"":""avatar"", ""count"": 1, ""rate"": 140},{""id"":""AV080001"",""package"":""avatar"", ""count"": 1, ""rate"": 72}]",[],0
NR01301,"[{""id"":""IT0318"",""package"":""item"",""count"":1, ""rate"": 2},{""id"":""AV050001"",""package"":""avatar"", ""count"": 1, ""rate"": 0},{""id"":""AV020011"",""package"":""avatar"", ""count"": 1, ""rate"": 0},{""id"":""AV280006"",""package"":""avatar"", ""count"": 1, ""rate"":0},{""id"":""AV080001"",""package"":""avatar"", ""count"": 1, ""rate"": 0}]",[],0
NR01302,"[{""id"":""IT0318"",""package"":""item"",""count"":1, ""rate"": 55},{""id"":""AV050001"",""package"":""avatar"", ""count"": 1, ""rate"": 45},{""id"":""AV020011"",""package"":""avatar"", ""count"": 1, ""rate"": 0},{""id"":""AV280006"",""package"":""avatar"", ""count"": 1, ""rate"": 0},{""id"":""AV080001"",""package"":""avatar"", ""count"": 1, ""rate"": 0}]",[],0
NR01303,"[{""id"":""IT0318"",""package"":""item"",""count"":1, ""rate"": 42},{""id"":""AV050001"",""package"":""avatar"", ""count"": 1, ""rate"": 35},{""id"":""AV020011"",""package"":""avatar"", ""count"": 1, ""rate"": 23},{""id"":""AV280006"",""package"":""avatar"", ""count"": 1, ""rate"": 0},{""id"":""AV080001"",""package"":""avatar"", ""count"": 1, ""rate"": 0}]",[],0
NR01304,"[{""id"":""IT0318"",""package"":""item"",""count"":1, ""rate"": 34},{""id"":""AV050001"",""package"":""avatar"", ""count"": 1, ""rate"": 30},{""id"":""AV020011"",""package"":""avatar"", ""count"": 1, ""rate"": 20},{""id"":""AV280006"",""package"":""avatar"", ""count"": 1, ""rate"": 16},{""id"":""AV080001"",""package"":""avatar"", ""count"": 1, ""rate"": 0}]",[],0
NR01305,"[{""id"":""IT0318"",""package"":""item"",""count"":1, ""rate"": 338},{""id"":""AV050001"",""package"":""avatar"", ""count"": 1, ""rate"": 270},{""id"":""AV020011"",""package"":""avatar"",""count"": 1, ""rate"": 180},{""id"":""AV280006"",""package"":""avatar"", ""count"": 1, ""rate"": 140},{""id"":""AV080001"",""package"":""avatar"", ""count"": 1, ""rate"": 72}]",[],0
NR01401,"[{""id"":""IT0302"",""package"":""item"",""count"":1, ""rate"": 2},{""id"":""AV060001"",""package"":""avatar"", ""count"": 1, ""rate"": 0},{""id"":""IT0328"",""package"":""item"", ""count"": 1, ""rate"": 0},{""id"":""AV180002"",""package"":""avatar"", ""count"": 1, ""rate"":0},{""id"":""AV240001"",""package"":""avatar"", ""count"": 1, ""rate"": 0}]",[],0
NR01402,"[{""id"":""IT0302"",""package"":""item"",""count"":1, ""rate"": 55},{""id"":""AV060001"",""package"":""avatar"", ""count"": 1, ""rate"": 45},{""id"":""IT0328"",""package"":""item"", ""count"": 1, ""rate"": 0},{""id"":""AV180002"",""package"":""avatar"", ""count"": 1, ""rate"": 0},{""id"":""AV240001"",""package"":""avatar"", ""count"": 1, ""rate"": 0}]",[],0
NR01403,"[{""id"":""IT0302"",""package"":""item"",""count"":1, ""rate"": 42},{""id"":""AV060001"",""package"":""avatar"", ""count"": 1, ""rate"": 35},{""id"":""IT0328"",""package"":""item"", ""count"": 1, ""rate"": 23},{""id"":""AV180002"",""package"":""avatar"", ""count"": 1, ""rate"": 0},{""id"":""AV240001"",""package"":""avatar"", ""count"": 1, ""rate"": 0}]",[],0
NR01404,"[{""id"":""IT0302"",""package"":""item"",""count"":1, ""rate"": 34},{""id"":""AV060001"",""package"":""avatar"", ""count"": 1, ""rate"": 30},{""id"":""IT0328"",""package"":""item"", ""count"": 1, ""rate"": 20},{""id"":""AV180002"",""package"":""avatar"", ""count"": 1, ""rate"": 16},{""id"":""AV240001"",""package"":""avatar"", ""count"": 1, ""rate"": 0}]",[],0
NR01405,"[{""id"":""IT0302"",""package"":""item"",""count"":1, ""rate"": 338},{""id"":""AV060001"",""package"":""avatar"", ""count"": 1, ""rate"": 270},{""id"":""IT0328"",""package"":""item"",""count"": 1, ""rate"": 180},{""id"":""AV180002"",""package"":""avatar"", ""count"": 1, ""rate"": 140},{""id"":""AV240001"",""package"":""avatar"", ""count"": 1, ""rate"": 72}]",[],0
NR01501,"[{""id"":""AV240009"",""package"":""avatar"",""count"":1, ""rate"": 2},{""id"":""IT0322"",""package"":""item"", ""count"": 1, ""rate"": 0},{""id"":""AV010004"",""package"":""avatar"", ""count"": 1, ""rate"": 0},{""id"":""AV170003"",""package"":""avatar"", ""count"": 1, ""rate"": 0},{""id"":""AV060006"",""package"":""avatar"", ""count"": 1, ""rate"": 0}]",[],0
NR01502,"[{""id"":""AV240009"",""package"":""avatar"",""count"":1, ""rate"": 55},{""id"":""IT0322"",""package"":""item"", ""count"": 1, ""rate"": 45},{""id"":""AV010004"",""package"":""avatar"", ""count"": 1, ""rate"": 0},{""id"":""AV170003"",""package"":""avatar"", ""count"": 1, ""rate"": 0},{""id"":""AV060006"",""package"":""avatar"", ""count"": 1, ""rate"": 0}]",[],0
NR01503,"[{""id"":""AV240009"",""package"":""avatar"",""count"":1, ""rate"": 42},{""id"":""IT0322"",""package"":""item"", ""count"": 1, ""rate"": 35},{""id"":""AV010004"",""package"":""avatar"", ""count"": 1, ""rate"": 23},{""id"":""AV170003"",""package"":""avatar"", ""count"": 1, ""rate"": 0},{""id"":""AV060006"",""package"":""avatar"", ""count"": 1, ""rate"": 0}]",[],0
NR01504,"[{""id"":""AV240009"",""package"":""avatar"",""count"":1, ""rate"": 34},{""id"":""IT0322"",""package"":""item"", ""count"": 1, ""rate"": 30},{""id"":""AV010004"",""package"":""avatar"", ""count"": 1, ""rate"": 20},{""id"":""AV170003"",""package"":""avatar"", ""count"": 1, ""rate"": 16},{""id"":""AV060006"",""package"":""avatar"", ""count"": 1, ""rate"": 0}]",[],0
NR01505,"[{""id"":""AV240009"",""package"":""avatar"",""count"":1, ""rate"": 338},{""id"":""IT0322"",""package"":""item"", ""count"": 1,""rate"": 270},{""id"":""AV010004"",""package"":""avatar"", ""count"": 1, ""rate"": 180},{""id"":""AV170003"",""package"":""avatar"", ""count"": 1, ""rate"": 140},{""id"":""AV060006"",""package"":""avatar"",""count"": 1, ""rate"": 72}]",[],0
NR02101,"[{""id"":""IT0320"",""package"":""item"",""count"":1, ""rate"": 2},{""id"":""AV250003"",""package"":""avatar"", ""count"": 1, ""rate"": 0},{""id"":""AV020005"",""package"":""avatar"", ""count"": 1, ""rate"": 0},{""id"":""AV280004"",""package"":""avatar"", ""count"": 1, ""rate"": 0},{""id"":""AV260004"",""package"":""avatar"", ""count"": 1, ""rate"": 0}]",[],0
NR02102,"[{""id"":""IT0320"",""package"":""item"",""count"":1, ""rate"": 55},{""id"":""AV250003"",""package"":""avatar"", ""count"": 1, ""rate"": 45},{""id"":""AV020005"",""package"":""avatar"", ""count"": 1, ""rate"": 0},{""id"":""AV280004"",""package"":""avatar"", ""count"": 1, ""rate"": 0},{""id"":""AV260004"",""package"":""avatar"", ""count"": 1, ""rate"": 0}]",[],0
NR02103,"[{""id"":""IT0320"",""package"":""item"",""count"":1, ""rate"": 42},{""id"":""AV250003"",""package"":""avatar"", ""count"": 1,""rate"": 35},{""id"":""AV020005"",""package"":""avatar"", ""count"": 1, ""rate"": 23},{""id"":""AV280004"",""package"":""avatar"", ""count"": 1, ""rate"": 0},{""id"":""AV260004"",""package"":""avatar"", ""count"": 1, ""rate"": 0}]",[],0
NR02104,"[{""id"":""IT0320"",""package"":""item"",""count"":1, ""rate"": 34},{""id"":""AV250003"",""package"":""avatar"", ""count"": 1,""rate"": 30},{""id"":""AV020005"",""package"":""avatar"", ""count"": 1, ""rate"": 20},{""id"":""AV280004"",""package"":""avatar"", ""count"": 1, ""rate"": 16},{""id"":""AV260004"",""package"":""avatar"",""count"": 1, ""rate"": 0}]",[],0
NR02105,"[{""id"":""IT0320"",""package"":""item"",""count"":1, ""rate"": 338},{""id"":""AV250003"",""package"":""avatar"", ""count"": 1,""rate"": 270},{""id"":""AV020005"",""package"":""avatar"", ""count"": 1, ""rate"": 180},{""id"":""AV280004"",""package"":""avatar"", ""count"": 1, ""rate"": 140},{""id"":""AV260004"",""package"":""avatar"",""count"": 1, ""rate"": 72}]",[],0
NR02201,"[{""id"":""AV130001"",""package"":""avatar"",""count"":1, ""rate"": 2},{""id"":""IT0309"",""package"":""item"", ""count"": 1, ""rate"": 0},{""id"":""IT0326"",""package"":""item"", ""count"": 1, ""rate"": 0},{""id"":""AV030005"",""package"":""avatar"", ""count"": 1, ""rate"": 0},{""id"":""AV100003"",""package"":""avatar"", ""count"": 1, ""rate"": 0}]",[],0
NR02202,"[{""id"":""AV130001"",""package"":""avatar"",""count"":1, ""rate"": 55},{""id"":""IT0309"",""package"":""item"", ""count"": 1, ""rate"": 45},{""id"":""IT0326"",""package"":""item"", ""count"": 1, ""rate"": 0},{""id"":""AV030005"",""package"":""avatar"", ""count"": 1, ""rate"": 0},{""id"":""AV100003"",""package"":""avatar"", ""count"": 1, ""rate"": 0}]",[],0
NR02203,"[{""id"":""AV130001"",""package"":""avatar"",""count"":1, ""rate"": 42},{""id"":""IT0309"",""package"":""item"", ""count"": 1, ""rate"": 35},{""id"":""IT0326"",""package"":""item"", ""count"": 1, ""rate"": 23},{""id"":""AV030005"",""package"":""avatar"", ""count"": 1, ""rate"": 0},{""id"":""AV100003"",""package"":""avatar"", ""count"": 1, ""rate"": 0}]",[],0
NR02204,"[{""id"":""AV130001"",""package"":""avatar"",""count"":1, ""rate"": 34},{""id"":""IT0309"",""package"":""item"", ""count"": 1, ""rate"": 30},{""id"":""IT0326"",""package"":""item"", ""count"": 1, ""rate"": 20},{""id"":""AV030005"",""package"":""avatar"", ""count"": 1, ""rate"": 16},{""id"":""AV100003"",""package"":""avatar"", ""count"": 1, ""rate"": 0}]",[],0
NR02205,"[{""id"":""AV130001"",""package"":""avatar"",""count"":1, ""rate"": 338},{""id"":""IT0309"",""package"":""item"", ""count"": 1,""rate"": 270},{""id"":""IT0326"",""package"":""item"", ""count"": 1, ""rate"": 180},{""id"":""AV030005"",""package"":""avatar"", ""count"": 1, ""rate"": 140},{""id"":""AV100003"",""package"":""avatar"",""count"": 1, ""rate"": 72}]",[],0
NR02301,"[{""id"":""IT0319"",""package"":""item"",""count"":1, ""rate"": 2},{""id"":""AV040016"",""package"":""avatar"", ""count"": 1, ""rate"": 0},{""id"":""AV010001"",""package"":""avatar"", ""count"": 1, ""rate"": 0},{""id"":""AV240002"",""package"":""avatar"", ""count"": 1, ""rate"": 0},{""id"":""AV150004"",""package"":""avatar"", ""count"": 1, ""rate"": 0}]",[],0
NR02302,"[{""id"":""IT0319"",""package"":""item"",""count"":1, ""rate"": 55},{""id"":""AV040016"",""package"":""avatar"", ""count"": 1, ""rate"": 45},{""id"":""AV010001"",""package"":""avatar"", ""count"": 1, ""rate"": 0},{""id"":""AV240002"",""package"":""avatar"", ""count"": 1, ""rate"": 0},{""id"":""AV150004"",""package"":""avatar"", ""count"": 1, ""rate"": 0}]",[],0
NR02303,"[{""id"":""IT0319"",""package"":""item"",""count"":1, ""rate"": 42},{""id"":""AV040016"",""package"":""avatar"", ""count"": 1,""rate"": 35},{""id"":""AV010001"",""package"":""avatar"", ""count"": 1, ""rate"": 23},{""id"":""AV240002"",""package"":""avatar"", ""count"": 1, ""rate"": 0},{""id"":""AV150004"",""package"":""avatar"", ""count"": 1, ""rate"": 0}]",[],0
NR02304,"[{""id"":""IT0319"",""package"":""item"",""count"":1, ""rate"": 34},{""id"":""AV040016"",""package"":""avatar"", ""count"": 1,""rate"": 30},{""id"":""AV010001"",""package"":""avatar"", ""count"": 1, ""rate"": 20},{""id"":""AV240002"",""package"":""avatar"", ""count"": 1, ""rate"": 16},{""id"":""AV150004"",""package"":""avatar"",""count"": 1, ""rate"": 0}]",[],0
NR02305,"[{""id"":""IT0319"",""package"":""item"",""count"":1, ""rate"": 338},{""id"":""AV040016"",""package"":""avatar"", ""count"": 1,""rate"": 270},{""id"":""AV010001"",""package"":""avatar"", ""count"": 1, ""rate"": 180},{""id"":""AV240002"",""package"":""avatar"", ""count"": 1, ""rate"": 140},{""id"":""AV150004"",""package"":""avatar"",""count"": 1, ""rate"": 72}]",[],0
NR02401,"[{""id"":""AV100011"",""package"":""avatar"",""count"":1, ""rate"": 2},{""id"":""IT0308"",""package"":""item"", ""count"": 1, ""rate"": 0},{""id"":""IT0327"",""package"":""item"", ""count"": 1, ""rate"": 0},{""id"":""AV060008"",""package"":""avatar"", ""count"": 1, ""rate"": 0},{""id"":""AV280009"",""package"":""avatar"", ""count"": 1, ""rate"": 0}]",[],0
NR02402,"[{""id"":""AV100011"",""package"":""avatar"",""count"":1, ""rate"": 55},{""id"":""IT0308"",""package"":""item"", ""count"": 1, ""rate"": 45},{""id"":""IT0327"",""package"":""item"", ""count"": 1, ""rate"": 0},{""id"":""AV060008"",""package"":""avatar"", ""count"": 1, ""rate"": 0},{""id"":""AV280009"",""package"":""avatar"", ""count"": 1, ""rate"": 0}]",[],0
NR02403,"[{""id"":""AV100011"",""package"":""avatar"",""count"":1, ""rate"": 42},{""id"":""IT0308"",""package"":""item"", ""count"": 1, ""rate"": 35},{""id"":""IT0327"",""package"":""item"", ""count"": 1, ""rate"": 23},{""id"":""AV060008"",""package"":""avatar"", ""count"": 1, ""rate"": 0},{""id"":""AV280009"",""package"":""avatar"", ""count"": 1, ""rate"": 0}]",[],0
NR02404,"[{""id"":""AV100011"",""package"":""avatar"",""count"":1, ""rate"": 34},{""id"":""IT0308"",""package"":""item"", ""count"": 1, ""rate"": 30},{""id"":""IT0327"",""package"":""item"", ""count"": 1, ""rate"": 20},{""id"":""AV060008"",""package"":""avatar"", ""count"": 1, ""rate"": 16},{""id"":""AV280009"",""package"":""avatar"", ""count"": 1, ""rate"": 0}]",[],0
NR02405,"[{""id"":""AV100011"",""package"":""avatar"",""count"":1, ""rate"": 338},{""id"":""IT0308"",""package"":""item"", ""count"": 1,""rate"": 270},{""id"":""IT0327"",""package"":""item"", ""count"": 1, ""rate"": 180},{""id"":""AV060008"",""package"":""avatar"", ""count"": 1, ""rate"": 140},{""id"":""AV280009"",""package"":""avatar"",""count"": 1, ""rate"": 72}]",[],0
NR02501,"[{""id"":""IT0304"",""package"":""item"",""count"":1, ""rate"": 2},{""id"":""IT0324"",""package"":""item"", ""count"": 1, ""rate"": 0},{""id"":""AV180003"",""package"":""avatar"", ""count"": 1, ""rate"": 0},{""id"":""AV100012"",""package"":""avatar"", ""count"": 1, ""rate"":0},{""id"":""AV250005"",""package"":""avatar"", ""count"": 1, ""rate"": 0}]",[],0
NR02502,"[{""id"":""IT0304"",""package"":""item"",""count"":1, ""rate"": 55},{""id"":""IT0324"",""package"":""item"", ""count"": 1, ""rate"": 45},{""id"":""AV180003"",""package"":""avatar"", ""count"": 1, ""rate"": 0},{""id"":""AV100012"",""package"":""avatar"", ""count"": 1, ""rate"": 0},{""id"":""AV250005"",""package"":""avatar"", ""count"": 1, ""rate"": 0}]",[],0
NR02503,"[{""id"":""IT0304"",""package"":""item"",""count"":1, ""rate"": 42},{""id"":""IT0324"",""package"":""item"", ""count"": 1, ""rate"": 35},{""id"":""AV180003"",""package"":""avatar"", ""count"": 1, ""rate"": 23},{""id"":""AV100012"",""package"":""avatar"", ""count"": 1, ""rate"": 0},{""id"":""AV250005"",""package"":""avatar"", ""count"": 1, ""rate"": 0}]",[],0
NR02504,"[{""id"":""IT0304"",""package"":""item"",""count"":1, ""rate"": 34},{""id"":""IT0324"",""package"":""item"", ""count"": 1, ""rate"": 30},{""id"":""AV180003"",""package"":""avatar"", ""count"": 1, ""rate"": 20},{""id"":""AV100012"",""package"":""avatar"", ""count"": 1, ""rate"": 16},{""id"":""AV250005"",""package"":""avatar"", ""count"": 1, ""rate"": 0}]",[],0
NR02505,"[{""id"":""IT0304"",""package"":""item"",""count"":1, ""rate"": 338},{""id"":""IT0324"",""package"":""item"", ""count"": 1, ""rate"": 270},{""id"":""AV180003"",""package"":""avatar"", ""count"": 1,""rate"": 180},{""id"":""AV100012"",""package"":""avatar"", ""count"": 1, ""rate"": 140},{""id"":""AV250005"",""package"":""avatar"", ""count"": 1, ""rate"": 72}]",[],0
NR02601,"[{""id"":""IT0317"",""package"":""item"",""count"":1, ""rate"": 2},{""id"":""AV050007"",""package"":""avatar"", ""count"": 1, ""rate"": 0},{""id"":""IT0329"",""package"":""item"", ""count"": 1, ""rate"": 0},{""id"":""AV280010"",""package"":""avatar"", ""count"": 1, ""rate"": 0},{""id"":""AV150005"",""package"":""avatar"", ""count"": 1, ""rate"": 0}]",[],0
NR02602,"[{""id"":""IT0317"",""package"":""item"",""count"":1, ""rate"": 55},{""id"":""AV050007"",""package"":""avatar"", ""count"": 1, ""rate"": 45},{""id"":""IT0329"",""package"":""item"", ""count"": 1, ""rate"": 0},{""id"":""AV280010"",""package"":""avatar"", ""count"": 1, ""rate"": 0},{""id"":""AV150005"",""package"":""avatar"", ""count"": 1, ""rate"": 0}]",[],0
NR02603,"[{""id"":""IT0317"",""package"":""item"",""count"":1, ""rate"": 42},{""id"":""AV050007"",""package"":""avatar"", ""count"": 1, ""rate"": 35},{""id"":""IT0329"",""package"":""item"", ""count"": 1, ""rate"": 23},{""id"":""AV280010"",""package"":""avatar"", ""count"": 1, ""rate"": 0},{""id"":""AV150005"",""package"":""avatar"", ""count"": 1, ""rate"": 0}]",[],0
NR02604,"[{""id"":""IT0317"",""package"":""item"",""count"":1, ""rate"": 34},{""id"":""AV050007"",""package"":""avatar"", ""count"": 1, ""rate"": 30},{""id"":""IT0329"",""package"":""item"", ""count"": 1, ""rate"": 20},{""id"":""AV280010"",""package"":""avatar"", ""count"": 1, ""rate"": 16},{""id"":""AV150005"",""package"":""avatar"", ""count"": 1, ""rate"": 0}]",[],0
NR02605,"[{""id"":""IT0317"",""package"":""item"",""count"":1, ""rate"": 338},{""id"":""AV050007"",""package"":""avatar"",""count"": 1,""rate"": 270},{""id"":""IT0329"",""package"":""item"", ""count"": 1, ""rate"": 180},{""id"":""AV280010"",""package"":""avatar"", ""count"": 1, ""rate"": 140},{""id"":""AV150005"",""package"":""avatar"",""count"": 1, ""rate"": 72}]",[],0
AL00101,"[{""id"":""AV280005"",""package"":""avatar"", ""count"": 1, ""rate"": 2}]",[],0
AL00102,"[{""id"":""AV040004"",""package"":""avatar"", ""count"": 1, ""rate"": 2}]",[],0
AL00104,"[{""id"":""AV250001"",""package"":""avatar"", ""count"": 2, ""rate"": 2}]",[],0
AL00105,"[{""id"":""AV040004"",""package"":""avatar"", ""count"": 1, ""rate"": 2}]",[],0
AL00107,"[{""id"":""AV010010"",""package"":""avatar"", ""count"": 1, ""rate"": 2}]",[],0
AL00108,"[{""id"":""AV010010"",""package"":""avatar"", ""count"": 1, ""rate"": 2}]",[],0
AL00201,"[{""id"":""IT0316"",""package"":""item"", ""count"": 3, ""rate"": 2}]",[],0
AL00202,"[{""id"":""AV020015"",""package"":""avatar"", ""count"": 1, ""rate"": 2}]",[],0
AL00204,"[{""id"":""IT0316"",""package"":""item"", ""count"": 3, ""rate"": 2}]",[],0
AL00205,"[{""id"":""IT0330"",""package"":""item"", ""count"": 1, ""rate"": 2}]",[],0
AL00208,"[{""id"":""AV100009"",""package"":""avatar"", ""count"": 1, ""rate"": 2}]",[],0
AL00209,"[{""id"":""IT0330"",""package"":""item"", ""count"": 1, ""rate"": 2}]",[],0
AL00301,"[{""id"":""AV250015"",""package"":""avatar"", ""count"": 1, ""rate"": 2}]",[],0
AL00306,"[{""id"":""AV280003"",""package"":""avatar"", ""count"": 1, ""rate"": 2}]",[],0
AL00401,"[{""id"":""AV240008"",""package"":""avatar"", ""count"": 1, ""rate"": 2}]",[],0
AL00402,"[{""id"":""AV240008"",""package"":""avatar"", ""count"": 1, ""rate"": 2}]",[],0
AL00407,"[{""id"":""AV150002"",""package"":""avatar"", ""count"": 1, ""rate"": 2}]",[],0
AL01101,"[{""id"":""AV080001"",""package"":""avatar"", ""count"": 1, ""rate"": 2}]",[],0
AL01102,"[{""id"":""AV280008"",""package"":""avatar"", ""count"": 1, ""rate"": 2}]",[],0
AL01202,"[{""id"":""AV040006"",""package"":""avatar"", ""count"": 1, ""rate"": 2}]",[],0
AL01401,"[{""id"":""AV060001"",""package"":""avatar"", ""count"": 1, ""rate"": 2}]",[],0
AL01501,"[{""id"":""IT0322"",""package"":""item"", ""count"": 1, ""rate"": 2}]",[],0
AL01502,"[{""id"":""IT0322"",""package"":""item"", ""count"": 1, ""rate"": 2}]",[],0
AL02301,"[{""id"":""AV240002"",""package"":""avatar"", ""count"": 1, ""rate"": 2}]",[],0
AL02105,"[{""id"":""AV280004"",""package"":""avatar"", ""count"": 1, ""rate"": 2}]",[],0
AL02305,"[{""id"":""AV010001"",""package"":""avatar"", ""count"": 1, ""rate"": 2}]",[],0
PE01,"[{""id"":"""", ""count"":1, ""rate"": 20},{""id"":"""", ""count"": 2, ""rate"": 60},{""id"":"""", ""count"": 3, ""rate"": 20}]",[],3
PE02,"[{""id"":"""", ""count"": 3, ""rate"": 20}]",[],3
AR01,"[{""id"":""IT0331"", ""count"": 1, ""rate"": 50}, {""id"":""IT0331"", ""count"": 0, ""rate"": 50}]",[],0
AR02,"[{""id"":""IT0331"", ""count"": 1, ""rate"": 30}, {""id"":""IT0332"", ""count"": 1, ""rate"": 50}, {""id"":""IT0332"", ""count"": 0, ""rate"": 20}]",[],0
AR03,"[{""id"":""IT0331"", ""count"": 1, ""rate"": 5},  {""id"":""IT0332"", ""count"": 1, ""rate"": 15}, {""id"":""IT0333"", ""count"": 1, ""rate"": 50}, {""id"":""IT0334"", ""count"": 1, ""rate"": 30}]",[],0
AR04,"[{""id"":""IT0333"", ""count"": 1, ""rate"": 20}, {""id"":""IT0334"", ""count"": 1, ""rate"": 30}, {""id"":""IT0335"", ""count"": 1, ""rate"": 50}]",[],0
AR05,"[{""id"":""IT0333"", ""count"": 1, ""rate"": 10},  {""id"":""IT0334"", ""count"": 1, ""rate"": 10}, {""id"":""IT0335"", ""count"": 1, ""rate"": 30}, {""id"":""IT0336"", ""count"": 1, ""rate"": 50}]",[],0
